<?xml version="1.0" encoding="utf-8"?><feed xmlns="http://www.w3.org/2005/Atom" ><generator uri="https://jekyllrb.com/" version="4.2.2">Jekyll</generator><link href="http://localhost:4000/recyclebimsite/feed.xml" rel="self" type="application/atom+xml" /><link href="http://localhost:4000/recyclebimsite/" rel="alternate" type="text/html" /><updated>2022-09-07T12:12:47+01:00</updated><id>http://localhost:4000/recyclebimsite/feed.xml</id><title type="html">RecycleBIM</title><subtitle>Integrated Planning and Recording Circularity of Construction Materials through Digital Modelling</subtitle></feed>